{
	"@version": "2.11.1",
	"@generated": "Mon, 20 Jun 2022 20:21:58",
	"site":[ 
		{
			"@name": "http://testphp.vulnweb.com",
			"@host": "testphp.vulnweb.com",
			"@port": "80",
			"@ssl": "false",
			"alerts": [ 
				{
					"pluginid": "10202",
					"alertRef": "10202",
					"alert": "Absence of Anti-CSRF Tokens",
					"name": "Absence of Anti-CSRF Tokens",
					"riskcode": "2",
					"confidence": "1",
					"riskdesc": "Medium (Low)",
					"desc": "<p>No Anti-CSRF tokens were found in a HTML submission form.</p><p>A cross-site request forgery is an attack that involves forcing a victim to send an HTTP request to a target destination without their knowledge or intent in order to perform an action as the victim. The underlying cause is application functionality using predictable URL/form actions in a repeatable way. The nature of the attack is that CSRF exploits the trust that a web site has for a user. By contrast, cross-site scripting (XSS) exploits the trust that a user has for a web site. Like XSS, CSRF attacks are not necessarily cross-site, but they can be. Cross-site request forgery is also known as CSRF, XSRF, one-click attack, session riding, confused deputy, and sea surf.</p><p></p><p>CSRF attacks are effective in a number of situations, including:</p><p>    * The victim has an active session on the target site.</p><p>    * The victim is authenticated via HTTP auth on the target site.</p><p>    * The victim is on the same local network as the target site.</p><p></p><p>CSRF has primarily been used to perform an action against a target site using the victim's privileges, but recent techniques have been discovered to disclose information by gaining access to the response. The risk of information disclosure is dramatically increased when the target site is vulnerable to XSS, because XSS can be used as a platform for CSRF, allowing the attack to operate within the bounds of the same-origin policy.</p>",
					"instances":[ 
						{
							"uri": "http://testphp.vulnweb.com/",
							"method": "GET",
							"param": "",
							"attack": "",
							"evidence": "<form action=\"search.php?test=query\" method=\"post\">"
						},
						{
							"uri": "http://testphp.vulnweb.com/artists.php",
							"method": "GET",
							"param": "",
							"attack": "",
							"evidence": "<form action=\"search.php?test=query\" method=\"post\">"
						},
						{
							"uri": "http://testphp.vulnweb.com/cart.php",
							"method": "GET",
							"param": "",
							"attack": "",
							"evidence": "<form action=\"search.php?test=query\" method=\"post\">"
						},
						{
							"uri": "http://testphp.vulnweb.com/categories.php",
							"method": "GET",
							"param": "",
							"attack": "",
							"evidence": "<form action=\"search.php?test=query\" method=\"post\">"
						},
						{
							"uri": "http://testphp.vulnweb.com/disclaimer.php",
							"method": "GET",
							"param": "",
							"attack": "",
							"evidence": "<form action=\"search.php?test=query\" method=\"post\">"
						},
						{
							"uri": "http://testphp.vulnweb.com/guestbook.php",
							"method": "GET",
							"param": "",
							"attack": "",
							"evidence": "<form action=\"\" method=\"post\" name=\"faddentry\">"
						},
						{
							"uri": "http://testphp.vulnweb.com/guestbook.php",
							"method": "GET",
							"param": "",
							"attack": "",
							"evidence": "<form action=\"search.php?test=query\" method=\"post\">"
						},
						{
							"uri": "http://testphp.vulnweb.com/index.php",
							"method": "GET",
							"param": "",
							"attack": "",
							"evidence": "<form action=\"search.php?test=query\" method=\"post\">"
						},
						{
							"uri": "http://testphp.vulnweb.com/login.php",
							"method": "GET",
							"param": "",
							"attack": "",
							"evidence": "<form name=\"loginform\" method=\"post\" action=\"userinfo.php\">"
						},
						{
							"uri": "http://testphp.vulnweb.com/login.php",
							"method": "GET",
							"param": "",
							"attack": "",
							"evidence": "<form action=\"search.php?test=query\" method=\"post\">"
						},
						{
							"uri": "http://testphp.vulnweb.com/search.php?test=query",
							"method": "POST",
							"param": "",
							"attack": "",
							"evidence": "<form action=\"search.php?test=query\" method=\"post\">"
						}
					],
					"count": "11",
					"solution": "<p>Phase: Architecture and Design</p><p>Use a vetted library or framework that does not allow this weakness to occur or provides constructs that make this weakness easier to avoid.</p><p>For example, use anti-CSRF packages such as the OWASP CSRFGuard.</p><p></p><p>Phase: Implementation</p><p>Ensure that your application is free of cross-site scripting issues, because most CSRF defenses can be bypassed using attacker-controlled script.</p><p></p><p>Phase: Architecture and Design</p><p>Generate a unique nonce for each form, place the nonce into the form, and verify the nonce upon receipt of the form. Be sure that the nonce is not predictable (CWE-330).</p><p>Note that this can be bypassed using XSS.</p><p></p><p>Identify especially dangerous operations. When the user performs a dangerous operation, send a separate confirmation request to ensure that the user intended to perform that operation.</p><p>Note that this can be bypassed using XSS.</p><p></p><p>Use the ESAPI Session Management control.</p><p>This control includes a component for CSRF.</p><p></p><p>Do not use the GET method for any request that triggers a state change.</p><p></p><p>Phase: Implementation</p><p>Check the HTTP Referer header to see if the request originated from an expected page. This could break legitimate functionality, because users or proxies may have disabled sending the Referer for privacy reasons.</p>",
					"otherinfo": "<p>No known Anti-CSRF token [anticsrf, CSRFToken, __RequestVerificationToken, csrfmiddlewaretoken, authenticity_token, OWASP_CSRFTOKEN, anoncsrf, csrf_token, _csrf, _csrfSecret, __csrf_magic, CSRF, _token, _csrf_token] was found in the following HTML form: [Form 1: \"goButton\" \"searchFor\" ].</p>",
					"reference": "<p>http://projects.webappsec.org/Cross-Site-Request-Forgery</p><p>http://cwe.mitre.org/data/definitions/352.html</p>",
					"cweid": "352",
					"wascid": "9",
					"sourceid": "1"
				},
				{
					"pluginid": "10038",
					"alertRef": "10038",
					"alert": "Content Security Policy (CSP) Header Not Set",
					"name": "Content Security Policy (CSP) Header Not Set",
					"riskcode": "2",
					"confidence": "3",
					"riskdesc": "Medium (High)",
					"desc": "<p>Content Security Policy (CSP) is an added layer of security that helps to detect and mitigate certain types of attacks, including Cross Site Scripting (XSS) and data injection attacks. These attacks are used for everything from data theft to site defacement or distribution of malware. CSP provides a set of standard HTTP headers that allow website owners to declare approved sources of content that browsers should be allowed to load on that page \u2014 covered types are JavaScript, CSS, HTML frames, fonts, images and embeddable objects such as Java applets, ActiveX, audio and video files.</p>",
					"instances":[ 
						{
							"uri": "http://testphp.vulnweb.com/",
							"method": "GET",
							"param": "",
							"attack": "",
							"evidence": ""
						},
						{
							"uri": "http://testphp.vulnweb.com/AJAX/index.php",
							"method": "GET",
							"param": "",
							"attack": "",
							"evidence": ""
						},
						{
							"uri": "http://testphp.vulnweb.com/artists.php",
							"method": "GET",
							"param": "",
							"attack": "",
							"evidence": ""
						},
						{
							"uri": "http://testphp.vulnweb.com/cart.php",
							"method": "GET",
							"param": "",
							"attack": "",
							"evidence": ""
						},
						{
							"uri": "http://testphp.vulnweb.com/categories.php",
							"method": "GET",
							"param": "",
							"attack": "",
							"evidence": ""
						},
						{
							"uri": "http://testphp.vulnweb.com/disclaimer.php",
							"method": "GET",
							"param": "",
							"attack": "",
							"evidence": ""
						},
						{
							"uri": "http://testphp.vulnweb.com/guestbook.php",
							"method": "GET",
							"param": "",
							"attack": "",
							"evidence": ""
						},
						{
							"uri": "http://testphp.vulnweb.com/index.php",
							"method": "GET",
							"param": "",
							"attack": "",
							"evidence": ""
						},
						{
							"uri": "http://testphp.vulnweb.com/login.php",
							"method": "GET",
							"param": "",
							"attack": "",
							"evidence": ""
						},
						{
							"uri": "http://testphp.vulnweb.com/robots.txt",
							"method": "GET",
							"param": "",
							"attack": "",
							"evidence": ""
						},
						{
							"uri": "http://testphp.vulnweb.com/sitemap.xml",
							"method": "GET",
							"param": "",
							"attack": "",
							"evidence": ""
						}
					],
					"count": "11",
					"solution": "<p>Ensure that your web server, application server, load balancer, etc. is configured to set the Content-Security-Policy header, to achieve optimal browser support: \"Content-Security-Policy\" for Chrome 25+, Firefox 23+ and Safari 7+, \"X-Content-Security-Policy\" for Firefox 4.0+ and Internet Explorer 10+, and \"X-WebKit-CSP\" for Chrome 14+ and Safari 6+.</p>",
					"otherinfo": "",
					"reference": "<p>https://developer.mozilla.org/en-US/docs/Web/Security/CSP/Introducing_Content_Security_Policy</p><p>https://cheatsheetseries.owasp.org/cheatsheets/Content_Security_Policy_Cheat_Sheet.html</p><p>http://www.w3.org/TR/CSP/</p><p>http://w3c.github.io/webappsec/specs/content-security-policy/csp-specification.dev.html</p><p>http://www.html5rocks.com/en/tutorials/security/content-security-policy/</p><p>http://caniuse.com/#feat=contentsecuritypolicy</p><p>http://content-security-policy.com/</p>",
					"cweid": "693",
					"wascid": "15",
					"sourceid": "1"
				},
				{
					"pluginid": "10020",
					"alertRef": "10020-1",
					"alert": "Missing Anti-clickjacking Header",
					"name": "Missing Anti-clickjacking Header",
					"riskcode": "2",
					"confidence": "2",
					"riskdesc": "Medium (Medium)",
					"desc": "<p>The response does not include either Content-Security-Policy with 'frame-ancestors' directive or X-Frame-Options to protect against 'ClickJacking' attacks.</p>",
					"instances":[ 
						{
							"uri": "http://testphp.vulnweb.com/",
							"method": "GET",
							"param": "X-Frame-Options",
							"attack": "",
							"evidence": ""
						},
						{
							"uri": "http://testphp.vulnweb.com/AJAX/index.php",
							"method": "GET",
							"param": "X-Frame-Options",
							"attack": "",
							"evidence": ""
						},
						{
							"uri": "http://testphp.vulnweb.com/artists.php",
							"method": "GET",
							"param": "X-Frame-Options",
							"attack": "",
							"evidence": ""
						},
						{
							"uri": "http://testphp.vulnweb.com/cart.php",
							"method": "GET",
							"param": "X-Frame-Options",
							"attack": "",
							"evidence": ""
						},
						{
							"uri": "http://testphp.vulnweb.com/categories.php",
							"method": "GET",
							"param": "X-Frame-Options",
							"attack": "",
							"evidence": ""
						},
						{
							"uri": "http://testphp.vulnweb.com/disclaimer.php",
							"method": "GET",
							"param": "X-Frame-Options",
							"attack": "",
							"evidence": ""
						},
						{
							"uri": "http://testphp.vulnweb.com/guestbook.php",
							"method": "GET",
							"param": "X-Frame-Options",
							"attack": "",
							"evidence": ""
						},
						{
							"uri": "http://testphp.vulnweb.com/hpp/",
							"method": "GET",
							"param": "X-Frame-Options",
							"attack": "",
							"evidence": ""
						},
						{
							"uri": "http://testphp.vulnweb.com/index.php",
							"method": "GET",
							"param": "X-Frame-Options",
							"attack": "",
							"evidence": ""
						},
						{
							"uri": "http://testphp.vulnweb.com/login.php",
							"method": "GET",
							"param": "X-Frame-Options",
							"attack": "",
							"evidence": ""
						},
						{
							"uri": "http://testphp.vulnweb.com/Mod_Rewrite_Shop/",
							"method": "GET",
							"param": "X-Frame-Options",
							"attack": "",
							"evidence": ""
						}
					],
					"count": "11",
					"solution": "<p>Modern Web browsers support the Content-Security-Policy and X-Frame-Options HTTP headers. Ensure one of them is set on all web pages returned by your site/app.</p><p>If you expect the page to be framed only by pages on your server (e.g. it's part of a FRAMESET) then you'll want to use SAMEORIGIN, otherwise if you never expect the page to be framed, you should use DENY. Alternatively consider implementing Content Security Policy's \"frame-ancestors\" directive.</p>",
					"otherinfo": "",
					"reference": "<p>https://developer.mozilla.org/en-US/docs/Web/HTTP/Headers/X-Frame-Options</p>",
					"cweid": "1021",
					"wascid": "15",
					"sourceid": "1"
				},
				{
					"pluginid": "10009",
					"alertRef": "10009",
					"alert": "In Page Banner Information Leak",
					"name": "In Page Banner Information Leak",
					"riskcode": "1",
					"confidence": "3",
					"riskdesc": "Low (High)",
					"desc": "<p>The server returned a version banner string in the response content. Such information leaks may allow attackers to further target specific issues impacting the product and version in use.</p>",
					"instances":[ 
						{
							"uri": "http://testphp.vulnweb.com/robots.txt",
							"method": "GET",
							"param": "",
							"attack": "",
							"evidence": "nginx/1.19.0"
						},
						{
							"uri": "http://testphp.vulnweb.com/sitemap.xml",
							"method": "GET",
							"param": "",
							"attack": "",
							"evidence": "nginx/1.19.0"
						}
					],
					"count": "2",
					"solution": "<p>Configure the server to prevent such information leaks. For example:</p><p>Under Tomcat this is done via the \"server\" directive and implementation of custom error pages.</p><p>Under Apache this is done via the \"ServerSignature\" and \"ServerTokens\" directives.</p>",
					"otherinfo": "<p>There is a chance that the highlight in the finding is on a value in the headers, versus the actual matched string in the response body.</p>",
					"reference": "<p>https://owasp.org/www-project-web-security-testing-guide/v41/4-Web_Application_Security_Testing/08-Testing_for_Error_Handling/</p>",
					"cweid": "200",
					"wascid": "13",
					"sourceid": "7"
				},
				{
					"pluginid": "10063",
					"alertRef": "10063",
					"alert": "Permissions Policy Header Not Set",
					"name": "Permissions Policy Header Not Set",
					"riskcode": "1",
					"confidence": "2",
					"riskdesc": "Low (Medium)",
					"desc": "<p>Permissions Policy Header is an added layer of security that helps to restrict from unauthorized access or usage of browser/client features by web resources. This policy ensures the user privacy by limiting or specifying the features of the browsers can be used by the web resources. Permissions Policy provides a set of standard HTTP headers that allow website owners to limit which features of browsers can be used by the page such as camera, microphone, location, full screen etc.</p>",
					"instances":[ 
						{
							"uri": "http://testphp.vulnweb.com/",
							"method": "GET",
							"param": "",
							"attack": "",
							"evidence": ""
						},
						{
							"uri": "http://testphp.vulnweb.com/AJAX/index.php",
							"method": "GET",
							"param": "",
							"attack": "",
							"evidence": ""
						},
						{
							"uri": "http://testphp.vulnweb.com/artists.php",
							"method": "GET",
							"param": "",
							"attack": "",
							"evidence": ""
						},
						{
							"uri": "http://testphp.vulnweb.com/cart.php",
							"method": "GET",
							"param": "",
							"attack": "",
							"evidence": ""
						},
						{
							"uri": "http://testphp.vulnweb.com/categories.php",
							"method": "GET",
							"param": "",
							"attack": "",
							"evidence": ""
						},
						{
							"uri": "http://testphp.vulnweb.com/disclaimer.php",
							"method": "GET",
							"param": "",
							"attack": "",
							"evidence": ""
						},
						{
							"uri": "http://testphp.vulnweb.com/guestbook.php",
							"method": "GET",
							"param": "",
							"attack": "",
							"evidence": ""
						},
						{
							"uri": "http://testphp.vulnweb.com/index.php",
							"method": "GET",
							"param": "",
							"attack": "",
							"evidence": ""
						},
						{
							"uri": "http://testphp.vulnweb.com/login.php",
							"method": "GET",
							"param": "",
							"attack": "",
							"evidence": ""
						},
						{
							"uri": "http://testphp.vulnweb.com/robots.txt",
							"method": "GET",
							"param": "",
							"attack": "",
							"evidence": ""
						},
						{
							"uri": "http://testphp.vulnweb.com/sitemap.xml",
							"method": "GET",
							"param": "",
							"attack": "",
							"evidence": ""
						}
					],
					"count": "11",
					"solution": "<p>Ensure that your web server, application server, load balancer, etc. is configured to set the Permissions-Policy header.</p>",
					"otherinfo": "",
					"reference": "<p>https://developer.mozilla.org/en-US/docs/Web/HTTP/Headers/Feature-Policy</p><p>https://developers.google.com/web/updates/2018/06/feature-policy</p><p>https://scotthelme.co.uk/a-new-security-header-feature-policy/</p><p>https://w3c.github.io/webappsec-feature-policy/</p><p>https://www.smashingmagazine.com/2018/12/feature-policy/</p>",
					"cweid": "693",
					"wascid": "15",
					"sourceid": "1"
				},
				{
					"pluginid": "10037",
					"alertRef": "10037",
					"alert": "Server Leaks Information via \"X-Powered-By\" HTTP Response Header Field(s)",
					"name": "Server Leaks Information via \"X-Powered-By\" HTTP Response Header Field(s)",
					"riskcode": "1",
					"confidence": "2",
					"riskdesc": "Low (Medium)",
					"desc": "<p>The web/application server is leaking information via one or more \"X-Powered-By\" HTTP response headers. Access to such information may facilitate attackers identifying other frameworks/components your web application is reliant upon and the vulnerabilities such components may be subject to.</p>",
					"instances":[ 
						{
							"uri": "http://testphp.vulnweb.com/",
							"method": "GET",
							"param": "",
							"attack": "",
							"evidence": "X-Powered-By: PHP/5.6.40-38+ubuntu20.04.1+deb.sury.org+1"
						},
						{
							"uri": "http://testphp.vulnweb.com/AJAX/index.php",
							"method": "GET",
							"param": "",
							"attack": "",
							"evidence": "X-Powered-By: PHP/5.6.40-38+ubuntu20.04.1+deb.sury.org+1"
						},
						{
							"uri": "http://testphp.vulnweb.com/artists.php",
							"method": "GET",
							"param": "",
							"attack": "",
							"evidence": "X-Powered-By: PHP/5.6.40-38+ubuntu20.04.1+deb.sury.org+1"
						},
						{
							"uri": "http://testphp.vulnweb.com/cart.php",
							"method": "GET",
							"param": "",
							"attack": "",
							"evidence": "X-Powered-By: PHP/5.6.40-38+ubuntu20.04.1+deb.sury.org+1"
						},
						{
							"uri": "http://testphp.vulnweb.com/categories.php",
							"method": "GET",
							"param": "",
							"attack": "",
							"evidence": "X-Powered-By: PHP/5.6.40-38+ubuntu20.04.1+deb.sury.org+1"
						},
						{
							"uri": "http://testphp.vulnweb.com/disclaimer.php",
							"method": "GET",
							"param": "",
							"attack": "",
							"evidence": "X-Powered-By: PHP/5.6.40-38+ubuntu20.04.1+deb.sury.org+1"
						},
						{
							"uri": "http://testphp.vulnweb.com/guestbook.php",
							"method": "GET",
							"param": "",
							"attack": "",
							"evidence": "X-Powered-By: PHP/5.6.40-38+ubuntu20.04.1+deb.sury.org+1"
						},
						{
							"uri": "http://testphp.vulnweb.com/index.php",
							"method": "GET",
							"param": "",
							"attack": "",
							"evidence": "X-Powered-By: PHP/5.6.40-38+ubuntu20.04.1+deb.sury.org+1"
						},
						{
							"uri": "http://testphp.vulnweb.com/login.php",
							"method": "GET",
							"param": "",
							"attack": "",
							"evidence": "X-Powered-By: PHP/5.6.40-38+ubuntu20.04.1+deb.sury.org+1"
						},
						{
							"uri": "http://testphp.vulnweb.com/privacy.php",
							"method": "GET",
							"param": "",
							"attack": "",
							"evidence": "X-Powered-By: PHP/5.6.40-38+ubuntu20.04.1+deb.sury.org+1"
						},
						{
							"uri": "http://testphp.vulnweb.com/userinfo.php",
							"method": "GET",
							"param": "",
							"attack": "",
							"evidence": "X-Powered-By: PHP/5.6.40-38+ubuntu20.04.1+deb.sury.org+1"
						}
					],
					"count": "11",
					"solution": "<p>Ensure that your web server, application server, load balancer, etc. is configured to suppress \"X-Powered-By\" headers.</p>",
					"otherinfo": "",
					"reference": "<p>http://blogs.msdn.com/b/varunm/archive/2013/04/23/remove-unwanted-http-response-headers.aspx</p><p>http://www.troyhunt.com/2012/02/shhh-dont-let-your-response-headers.html</p>",
					"cweid": "200",
					"wascid": "13",
					"sourceid": "1"
				},
				{
					"pluginid": "10036",
					"alertRef": "10036",
					"alert": "Server Leaks Version Information via \"Server\" HTTP Response Header Field",
					"name": "Server Leaks Version Information via \"Server\" HTTP Response Header Field",
					"riskcode": "1",
					"confidence": "3",
					"riskdesc": "Low (High)",
					"desc": "<p>The web/application server is leaking version information via the \"Server\" HTTP response header. Access to such information may facilitate attackers identifying other vulnerabilities your web/application server is subject to.</p>",
					"instances":[ 
						{
							"uri": "http://testphp.vulnweb.com/",
							"method": "GET",
							"param": "",
							"attack": "",
							"evidence": "nginx/1.19.0"
						},
						{
							"uri": "http://testphp.vulnweb.com/AJAX/index.php",
							"method": "GET",
							"param": "",
							"attack": "",
							"evidence": "nginx/1.19.0"
						},
						{
							"uri": "http://testphp.vulnweb.com/artists.php",
							"method": "GET",
							"param": "",
							"attack": "",
							"evidence": "nginx/1.19.0"
						},
						{
							"uri": "http://testphp.vulnweb.com/cart.php",
							"method": "GET",
							"param": "",
							"attack": "",
							"evidence": "nginx/1.19.0"
						},
						{
							"uri": "http://testphp.vulnweb.com/categories.php",
							"method": "GET",
							"param": "",
							"attack": "",
							"evidence": "nginx/1.19.0"
						},
						{
							"uri": "http://testphp.vulnweb.com/disclaimer.php",
							"method": "GET",
							"param": "",
							"attack": "",
							"evidence": "nginx/1.19.0"
						},
						{
							"uri": "http://testphp.vulnweb.com/guestbook.php",
							"method": "GET",
							"param": "",
							"attack": "",
							"evidence": "nginx/1.19.0"
						},
						{
							"uri": "http://testphp.vulnweb.com/index.php",
							"method": "GET",
							"param": "",
							"attack": "",
							"evidence": "nginx/1.19.0"
						},
						{
							"uri": "http://testphp.vulnweb.com/robots.txt",
							"method": "GET",
							"param": "",
							"attack": "",
							"evidence": "nginx/1.19.0"
						},
						{
							"uri": "http://testphp.vulnweb.com/sitemap.xml",
							"method": "GET",
							"param": "",
							"attack": "",
							"evidence": "nginx/1.19.0"
						},
						{
							"uri": "http://testphp.vulnweb.com/userinfo.php",
							"method": "GET",
							"param": "",
							"attack": "",
							"evidence": "nginx/1.19.0"
						}
					],
					"count": "11",
					"solution": "<p>Ensure that your web server, application server, load balancer, etc. is configured to suppress the \"Server\" header or provide generic details.</p>",
					"otherinfo": "",
					"reference": "<p>http://httpd.apache.org/docs/current/mod/core.html#servertokens</p><p>http://msdn.microsoft.com/en-us/library/ff648552.aspx#ht_urlscan_007</p><p>http://blogs.msdn.com/b/varunm/archive/2013/04/23/remove-unwanted-http-response-headers.aspx</p><p>http://www.troyhunt.com/2012/02/shhh-dont-let-your-response-headers.html</p>",
					"cweid": "200",
					"wascid": "13",
					"sourceid": "1"
				},
				{
					"pluginid": "10021",
					"alertRef": "10021",
					"alert": "X-Content-Type-Options Header Missing",
					"name": "X-Content-Type-Options Header Missing",
					"riskcode": "1",
					"confidence": "2",
					"riskdesc": "Low (Medium)",
					"desc": "<p>The Anti-MIME-Sniffing header X-Content-Type-Options was not set to 'nosniff'. This allows older versions of Internet Explorer and Chrome to perform MIME-sniffing on the response body, potentially causing the response body to be interpreted and displayed as a content type other than the declared content type. Current (early 2014) and legacy versions of Firefox will use the declared content type (if one is set), rather than performing MIME-sniffing.</p>",
					"instances":[ 
						{
							"uri": "http://testphp.vulnweb.com/",
							"method": "GET",
							"param": "X-Content-Type-Options",
							"attack": "",
							"evidence": ""
						},
						{
							"uri": "http://testphp.vulnweb.com/AJAX/index.php",
							"method": "GET",
							"param": "X-Content-Type-Options",
							"attack": "",
							"evidence": ""
						},
						{
							"uri": "http://testphp.vulnweb.com/artists.php",
							"method": "GET",
							"param": "X-Content-Type-Options",
							"attack": "",
							"evidence": ""
						},
						{
							"uri": "http://testphp.vulnweb.com/cart.php",
							"method": "GET",
							"param": "X-Content-Type-Options",
							"attack": "",
							"evidence": ""
						},
						{
							"uri": "http://testphp.vulnweb.com/categories.php",
							"method": "GET",
							"param": "X-Content-Type-Options",
							"attack": "",
							"evidence": ""
						},
						{
							"uri": "http://testphp.vulnweb.com/disclaimer.php",
							"method": "GET",
							"param": "X-Content-Type-Options",
							"attack": "",
							"evidence": ""
						},
						{
							"uri": "http://testphp.vulnweb.com/guestbook.php",
							"method": "GET",
							"param": "X-Content-Type-Options",
							"attack": "",
							"evidence": ""
						},
						{
							"uri": "http://testphp.vulnweb.com/hpp/",
							"method": "GET",
							"param": "X-Content-Type-Options",
							"attack": "",
							"evidence": ""
						},
						{
							"uri": "http://testphp.vulnweb.com/index.php",
							"method": "GET",
							"param": "X-Content-Type-Options",
							"attack": "",
							"evidence": ""
						},
						{
							"uri": "http://testphp.vulnweb.com/login.php",
							"method": "GET",
							"param": "X-Content-Type-Options",
							"attack": "",
							"evidence": ""
						},
						{
							"uri": "http://testphp.vulnweb.com/Mod_Rewrite_Shop/",
							"method": "GET",
							"param": "X-Content-Type-Options",
							"attack": "",
							"evidence": ""
						}
					],
					"count": "11",
					"solution": "<p>Ensure that the application/web server sets the Content-Type header appropriately, and that it sets the X-Content-Type-Options header to 'nosniff' for all web pages.</p><p>If possible, ensure that the end user uses a standards-compliant and modern web browser that does not perform MIME-sniffing at all, or that can be directed by the web application/web server to not perform MIME-sniffing.</p>",
					"otherinfo": "<p>This issue still applies to error type pages (401, 403, 500, etc.) as those pages are often still affected by injection issues, in which case there is still concern for browsers sniffing pages away from their actual content type.</p><p>At \"High\" threshold this scan rule will not alert on client or server error responses.</p>",
					"reference": "<p>http://msdn.microsoft.com/en-us/library/ie/gg622941%28v=vs.85%29.aspx</p><p>https://owasp.org/www-community/Security_Headers</p>",
					"cweid": "693",
					"wascid": "15",
					"sourceid": "1"
				},
				{
					"pluginid": "10094",
					"alertRef": "10094",
					"alert": "Base64 Disclosure",
					"name": "Base64 Disclosure",
					"riskcode": "0",
					"confidence": "2",
					"riskdesc": "Informational (Medium)",
					"desc": "<p>Base64 encoded data was disclosed by the application/web server. Note: in the interests of performance not all base64 strings in the response were analyzed individually, the entire response should be looked at by the analyst/security team/developer(s).</p>",
					"instances":[ 
						{
							"uri": "http://testphp.vulnweb.com/",
							"method": "GET",
							"param": "",
							"attack": "",
							"evidence": "D27CDB6E-AE6D-11cf-96B8-444553540000"
						},
						{
							"uri": "http://testphp.vulnweb.com/artists.php",
							"method": "GET",
							"param": "",
							"attack": "",
							"evidence": "D27CDB6E-AE6D-11cf-96B8-444553540000"
						},
						{
							"uri": "http://testphp.vulnweb.com/cart.php",
							"method": "GET",
							"param": "",
							"attack": "",
							"evidence": "D27CDB6E-AE6D-11cf-96B8-444553540000"
						},
						{
							"uri": "http://testphp.vulnweb.com/categories.php",
							"method": "GET",
							"param": "",
							"attack": "",
							"evidence": "D27CDB6E-AE6D-11cf-96B8-444553540000"
						},
						{
							"uri": "http://testphp.vulnweb.com/disclaimer.php",
							"method": "GET",
							"param": "",
							"attack": "",
							"evidence": "D27CDB6E-AE6D-11cf-96B8-444553540000"
						},
						{
							"uri": "http://testphp.vulnweb.com/guestbook.php",
							"method": "GET",
							"param": "",
							"attack": "",
							"evidence": "D27CDB6E-AE6D-11cf-96B8-444553540000"
						},
						{
							"uri": "http://testphp.vulnweb.com/index.php",
							"method": "GET",
							"param": "",
							"attack": "",
							"evidence": "D27CDB6E-AE6D-11cf-96B8-444553540000"
						},
						{
							"uri": "http://testphp.vulnweb.com/listproducts.php?cat=1",
							"method": "GET",
							"param": "",
							"attack": "",
							"evidence": "D27CDB6E-AE6D-11cf-96B8-444553540000"
						},
						{
							"uri": "http://testphp.vulnweb.com/listproducts.php?cat=2",
							"method": "GET",
							"param": "",
							"attack": "",
							"evidence": "D27CDB6E-AE6D-11cf-96B8-444553540000"
						},
						{
							"uri": "http://testphp.vulnweb.com/login.php",
							"method": "GET",
							"param": "",
							"attack": "",
							"evidence": "D27CDB6E-AE6D-11cf-96B8-444553540000"
						},
						{
							"uri": "http://testphp.vulnweb.com/search.php?test=query",
							"method": "POST",
							"param": "",
							"attack": "",
							"evidence": "D27CDB6E-AE6D-11cf-96B8-444553540000"
						}
					],
					"count": "11",
					"solution": "<p>Manually confirm that the Base64 data does not leak sensitive information, and that the data cannot be aggregated/used to exploit other vulnerabilities.</p>",
					"otherinfo": "<p>\\x000fn\uFFFD\\x000c\\x001e\uFFFD\uFFFD\\x0001:\\x000f\uFFFDuq\uFFFD\uFFFD\uFFFD\\x001f>\uFFFD9\uFFFD~x\uFFFDM4</p>",
					"reference": "<p>http://projects.webappsec.org/w/page/13246936/Information%20Leakage</p>",
					"cweid": "200",
					"wascid": "13",
					"sourceid": "1"
				},
				{
					"pluginid": "90011",
					"alertRef": "90011",
					"alert": "Charset Mismatch (Header Versus Meta Content-Type Charset)",
					"name": "Charset Mismatch (Header Versus Meta Content-Type Charset)",
					"riskcode": "0",
					"confidence": "1",
					"riskdesc": "Informational (Low)",
					"desc": "<p>This check identifies responses where the HTTP Content-Type header declares a charset different from the charset defined by the body of the HTML or XML. When there's a charset mismatch between the HTTP header and content body Web browsers can be forced into an undesirable content-sniffing mode to determine the content's correct character set.</p><p></p><p>An attacker could manipulate content on the page to be interpreted in an encoding of their choice. For example, if an attacker can control content at the beginning of the page, they could inject script using UTF-7 encoded text and manipulate some browsers into interpreting that text.</p>",
					"instances":[ 
						{
							"uri": "http://testphp.vulnweb.com/",
							"method": "GET",
							"param": "",
							"attack": "",
							"evidence": ""
						},
						{
							"uri": "http://testphp.vulnweb.com/AJAX/index.php",
							"method": "GET",
							"param": "",
							"attack": "",
							"evidence": ""
						},
						{
							"uri": "http://testphp.vulnweb.com/artists.php",
							"method": "GET",
							"param": "",
							"attack": "",
							"evidence": ""
						},
						{
							"uri": "http://testphp.vulnweb.com/cart.php",
							"method": "GET",
							"param": "",
							"attack": "",
							"evidence": ""
						},
						{
							"uri": "http://testphp.vulnweb.com/categories.php",
							"method": "GET",
							"param": "",
							"attack": "",
							"evidence": ""
						},
						{
							"uri": "http://testphp.vulnweb.com/disclaimer.php",
							"method": "GET",
							"param": "",
							"attack": "",
							"evidence": ""
						},
						{
							"uri": "http://testphp.vulnweb.com/guestbook.php",
							"method": "GET",
							"param": "",
							"attack": "",
							"evidence": ""
						},
						{
							"uri": "http://testphp.vulnweb.com/index.php",
							"method": "GET",
							"param": "",
							"attack": "",
							"evidence": ""
						},
						{
							"uri": "http://testphp.vulnweb.com/listproducts.php?cat=1",
							"method": "GET",
							"param": "",
							"attack": "",
							"evidence": ""
						},
						{
							"uri": "http://testphp.vulnweb.com/login.php",
							"method": "GET",
							"param": "",
							"attack": "",
							"evidence": ""
						},
						{
							"uri": "http://testphp.vulnweb.com/search.php?test=query",
							"method": "POST",
							"param": "",
							"attack": "",
							"evidence": ""
						}
					],
					"count": "11",
					"solution": "<p>Force UTF-8 for all text content in both the HTTP header and meta tags in HTML or encoding declarations in XML.</p>",
					"otherinfo": "<p>There was a charset mismatch between the HTTP Header and the META content-type encoding declarations: [UTF-8] and [iso-8859-2] do not match.</p>",
					"reference": "<p>http://code.google.com/p/browsersec/wiki/Part2#Character_set_handling_and_detection</p>",
					"cweid": "436",
					"wascid": "15",
					"sourceid": "1"
				},
				{
					"pluginid": "10027",
					"alertRef": "10027",
					"alert": "Information Disclosure - Suspicious Comments",
					"name": "Information Disclosure - Suspicious Comments",
					"riskcode": "0",
					"confidence": "1",
					"riskdesc": "Informational (Low)",
					"desc": "<p>The response appears to contain suspicious comments which may help an attacker. Note: Matches made within script blocks or files are against the entire content not only comments.</p>",
					"instances":[ 
						{
							"uri": "http://testphp.vulnweb.com/AJAX/index.php",
							"method": "GET",
							"param": "",
							"attack": "",
							"evidence": "where"
						}
					],
					"count": "1",
					"solution": "<p>Remove all comments that return information that may help an attacker and fix any underlying problems they refer to.</p>",
					"otherinfo": "<p>The following pattern was used: \\bWHERE\\b and was detected in the element starting with: \"<script type=\"text/javascript\"></p><p>\tvar httpreq = null;\t</p><p></p><p>\tfunction SetContent(XML) {</p><p>\t\tvar items = XML.getElementsByTagName('i\", see evidence field for the suspicious comment/snippet.</p>",
					"reference": "",
					"cweid": "200",
					"wascid": "13",
					"sourceid": "36"
				},
				{
					"pluginid": "10109",
					"alertRef": "10109",
					"alert": "Modern Web Application",
					"name": "Modern Web Application",
					"riskcode": "0",
					"confidence": "2",
					"riskdesc": "Informational (Medium)",
					"desc": "<p>The application appears to be a modern web application. If you need to explore it automatically then the Ajax Spider may well be more effective than the standard one.</p>",
					"instances":[ 
						{
							"uri": "http://testphp.vulnweb.com/AJAX/index.php",
							"method": "GET",
							"param": "",
							"attack": "",
							"evidence": "<a href=\"#\" onclick=\"loadSomething('titles.php')\">titles</a>"
						},
						{
							"uri": "http://testphp.vulnweb.com/artists.php",
							"method": "GET",
							"param": "",
							"attack": "",
							"evidence": "<a href='#' onClick=\"window.open('./comment.php?aid=1','comment','width=500,height=400')\">comment on this artist</a>"
						},
						{
							"uri": "http://testphp.vulnweb.com/artists.php?artist=1",
							"method": "GET",
							"param": "",
							"attack": "",
							"evidence": "<a href='#' onClick=\"window.open('./comment.php?aid=1','comment','width=500,height=400')\">comment on this artist</a>"
						},
						{
							"uri": "http://testphp.vulnweb.com/artists.php?artist=2",
							"method": "GET",
							"param": "",
							"attack": "",
							"evidence": "<a href='#' onClick=\"window.open('./comment.php?aid=2','comment','width=500,height=400')\">comment on this artist</a>"
						},
						{
							"uri": "http://testphp.vulnweb.com/artists.php?artist=3",
							"method": "GET",
							"param": "",
							"attack": "",
							"evidence": "<a href='#' onClick=\"window.open('./comment.php?aid=3','comment','width=500,height=400')\">comment on this artist</a>"
						},
						{
							"uri": "http://testphp.vulnweb.com/listproducts.php?artist=1",
							"method": "GET",
							"param": "",
							"attack": "",
							"evidence": "<a href='#' onClick=\"window.open('./comment.php?pid=1','comment','width=500,height=400')\">comment on this picture</a>"
						},
						{
							"uri": "http://testphp.vulnweb.com/listproducts.php?artist=2",
							"method": "GET",
							"param": "",
							"attack": "",
							"evidence": "<a href='#' onClick=\"window.open('./comment.php?pid=7','comment','width=500,height=400')\">comment on this picture</a>"
						},
						{
							"uri": "http://testphp.vulnweb.com/listproducts.php?cat=1",
							"method": "GET",
							"param": "",
							"attack": "",
							"evidence": "<a href='#' onClick=\"window.open('./comment.php?pid=1','comment','width=500,height=400')\">comment on this picture</a>"
						},
						{
							"uri": "http://testphp.vulnweb.com/listproducts.php?cat=2",
							"method": "GET",
							"param": "",
							"attack": "",
							"evidence": "<a href='#' onClick=\"window.open('./comment.php?pid=6','comment','width=500,height=400')\">comment on this picture</a>"
						}
					],
					"count": "9",
					"solution": "<p>This is an informational alert and so no changes are required.</p>",
					"otherinfo": "<p>Links have been found that do not have traditional href attributes, which is an indication that this is a modern web application.</p>",
					"reference": "",
					"cweid": "-1",
					"wascid": "-1",
					"sourceid": "36"
				},
				{
					"pluginid": "10049",
					"alertRef": "10049",
					"alert": "Non-Storable Content",
					"name": "Non-Storable Content",
					"riskcode": "0",
					"confidence": "2",
					"riskdesc": "Informational (Medium)",
					"desc": "<p>The response contents are not storable by caching components such as proxy servers. If the response does not contain sensitive, personal or user-specific information, it may benefit from being stored and cached, to improve performance.</p>",
					"instances":[ 
						{
							"uri": "http://testphp.vulnweb.com/userinfo.php",
							"method": "GET",
							"param": "",
							"attack": "",
							"evidence": "302"
						}
					],
					"count": "1",
					"solution": "<p>The content may be marked as storable by ensuring that the following conditions are satisfied:</p><p>The request method must be understood by the cache and defined as being cacheable (\"GET\", \"HEAD\", and \"POST\" are currently defined as cacheable)</p><p>The response status code must be understood by the cache (one of the 1XX, 2XX, 3XX, 4XX, or 5XX response classes are generally understood)</p><p>The \"no-store\" cache directive must not appear in the request or response header fields</p><p>For caching by \"shared\" caches such as \"proxy\" caches, the \"private\" response directive must not appear in the response</p><p>For caching by \"shared\" caches such as \"proxy\" caches, the \"Authorization\" header field must not appear in the request, unless the response explicitly allows it (using one of the \"must-revalidate\", \"public\", or \"s-maxage\" Cache-Control response directives)</p><p>In addition to the conditions above, at least one of the following conditions must also be satisfied by the response:</p><p>It must contain an \"Expires\" header field</p><p>It must contain a \"max-age\" response directive</p><p>For \"shared\" caches such as \"proxy\" caches, it must contain a \"s-maxage\" response directive</p><p>It must contain a \"Cache Control Extension\" that allows it to be cached</p><p>It must have a status code that is defined as cacheable by default (200, 203, 204, 206, 300, 301, 404, 405, 410, 414, 501).   </p>",
					"otherinfo": "",
					"reference": "<p>https://tools.ietf.org/html/rfc7234</p><p>https://tools.ietf.org/html/rfc7231</p><p>http://www.w3.org/Protocols/rfc2616/rfc2616-sec13.html (obsoleted by rfc7234)</p>",
					"cweid": "524",
					"wascid": "13",
					"sourceid": "43"
				},
				{
					"pluginid": "10049",
					"alertRef": "10049",
					"alert": "Storable and Cacheable Content",
					"name": "Storable and Cacheable Content",
					"riskcode": "0",
					"confidence": "2",
					"riskdesc": "Informational (Medium)",
					"desc": "<p>The response contents are storable by caching components such as proxy servers, and may be retrieved directly from the cache, rather than from the origin server by the caching servers, in response to similar requests from other users.  If the response data is sensitive, personal or user-specific, this may result in sensitive information being leaked. In some cases, this may even result in a user gaining complete control of the session of another user, depending on the configuration of the caching components in use in their environment. This is primarily an issue where \"shared\" caching servers such as \"proxy\" caches are configured on the local network. This configuration is typically found in corporate or educational environments, for instance.</p>",
					"instances":[ 
						{
							"uri": "http://testphp.vulnweb.com/",
							"method": "GET",
							"param": "",
							"attack": "",
							"evidence": ""
						},
						{
							"uri": "http://testphp.vulnweb.com/AJAX/index.php",
							"method": "GET",
							"param": "",
							"attack": "",
							"evidence": ""
						},
						{
							"uri": "http://testphp.vulnweb.com/artists.php",
							"method": "GET",
							"param": "",
							"attack": "",
							"evidence": ""
						},
						{
							"uri": "http://testphp.vulnweb.com/cart.php",
							"method": "GET",
							"param": "",
							"attack": "",
							"evidence": ""
						},
						{
							"uri": "http://testphp.vulnweb.com/categories.php",
							"method": "GET",
							"param": "",
							"attack": "",
							"evidence": ""
						},
						{
							"uri": "http://testphp.vulnweb.com/disclaimer.php",
							"method": "GET",
							"param": "",
							"attack": "",
							"evidence": ""
						},
						{
							"uri": "http://testphp.vulnweb.com/guestbook.php",
							"method": "GET",
							"param": "",
							"attack": "",
							"evidence": ""
						},
						{
							"uri": "http://testphp.vulnweb.com/index.php",
							"method": "GET",
							"param": "",
							"attack": "",
							"evidence": ""
						},
						{
							"uri": "http://testphp.vulnweb.com/robots.txt",
							"method": "GET",
							"param": "",
							"attack": "",
							"evidence": ""
						},
						{
							"uri": "http://testphp.vulnweb.com/sitemap.xml",
							"method": "GET",
							"param": "",
							"attack": "",
							"evidence": ""
						}
					],
					"count": "10",
					"solution": "<p>Validate that the response does not contain sensitive, personal or user-specific information.  If it does, consider the use of the following HTTP response headers, to limit, or prevent the content being stored and retrieved from the cache by another user:</p><p>Cache-Control: no-cache, no-store, must-revalidate, private</p><p>Pragma: no-cache</p><p>Expires: 0</p><p>This configuration directs both HTTP 1.0 and HTTP 1.1 compliant caching servers to not store the response, and to not retrieve the response (without validation) from the cache, in response to a similar request. </p>",
					"otherinfo": "<p>In the absence of an explicitly specified caching lifetime directive in the response, a liberal lifetime heuristic of 1 year was assumed. This is permitted by rfc7234.</p>",
					"reference": "<p>https://tools.ietf.org/html/rfc7234</p><p>https://tools.ietf.org/html/rfc7231</p><p>http://www.w3.org/Protocols/rfc2616/rfc2616-sec13.html (obsoleted by rfc7234)</p>",
					"cweid": "524",
					"wascid": "13",
					"sourceid": "1"
				},
				{
					"pluginid": "10031",
					"alertRef": "10031",
					"alert": "User Controllable HTML Element Attribute (Potential XSS)",
					"name": "User Controllable HTML Element Attribute (Potential XSS)",
					"riskcode": "0",
					"confidence": "1",
					"riskdesc": "Informational (Low)",
					"desc": "<p>This check looks at user-supplied input in query string parameters and POST data to identify where certain HTML attribute values might be controlled. This provides hot-spot detection for XSS (cross-site scripting) that will require further review by a security analyst to determine exploitability.</p>",
					"instances":[ 
						{
							"uri": "http://testphp.vulnweb.com/guestbook.php",
							"method": "POST",
							"param": "submit",
							"attack": "",
							"evidence": ""
						},
						{
							"uri": "http://testphp.vulnweb.com/search.php?test=query",
							"method": "POST",
							"param": "goButton",
							"attack": "",
							"evidence": ""
						},
						{
							"uri": "http://testphp.vulnweb.com/search.php?test=query",
							"method": "POST",
							"param": "goButton",
							"attack": "",
							"evidence": ""
						}
					],
					"count": "3",
					"solution": "<p>Validate all input and sanitize output it before writing to any HTML attributes.</p>",
					"otherinfo": "<p>User-controlled HTML attribute values were found. Try injecting special characters to see if XSS might be possible. The page at the following URL:</p><p></p><p>http://testphp.vulnweb.com/guestbook.php</p><p></p><p>appears to include user input in: </p><p></p><p>a(n) [input] tag [value] attribute </p><p></p><p>The user input found was:</p><p>submit=add message</p><p></p><p>The user-controlled value was:</p><p>add message</p>",
					"reference": "<p>http://websecuritytool.codeplex.com/wikipage?title=Checks#user-controlled-html-attribute</p>",
					"cweid": "20",
					"wascid": "20",
					"sourceid": "95"
				}
			]
		}
	]
}
